"sex","race","x","name","value"
"all","all","[0,5)","se_pr_lost_none",0.0015215941150162
"all","all","[0,5)","se_pr_lost_mom",0.00125207756740354
"all","all","[0,5)","se_pr_lost_dad",0.000864257917548821
"all","all","[0,5)","se_pr_lost_both",0
"all","all","[0,5)","se_mx_lost_none_to_lost_mom",0
"all","all","[0,5)","se_mx_lost_none_to_lost_dad",0.000252886584980929
"all","all","[0,5)","se_mx_lost_none_to_lost_both",0
"all","all","[0,5)","se_mx_lost_dad_to_lost_both",0
"all","all","[0,5)","se_mx_lost_mom_to_lost_both",0
"all","all","[0,5)","se_Lx_lost_mom",622.50387527331
"all","all","[0,5)","se_Lx_lost_dad",429.688956112721
"all","all","[0,5)","se_Lx_lost_both",0
"all","all","[0,5)","se_Lx_lost_none",756.501240697789
"all","all","[0,5)","se_dx_lost_mom_to_dead",0.779605854469118
"all","all","[0,5)","se_dx_lost_dad_to_dead",0.538130024715307
"all","all","[0,5)","se_dx_lost_both_to_dead",0
"all","all","[0,5)","se_dx_lost_none_to_dead",0.947420280560034
"all","all","[5,10)","se_pr_lost_none",0.00243871281841482
"all","all","[5,10)","se_pr_lost_mom",0.0017444312317502
"all","all","[5,10)","se_pr_lost_dad",0.0015524794485839
"all","all","[5,10)","se_pr_lost_both",0.000770394823451492
"all","all","[5,10)","se_mx_lost_none_to_lost_mom",0
"all","all","[5,10)","se_mx_lost_none_to_lost_dad",0.000459376806555187
"all","all","[5,10)","se_mx_lost_none_to_lost_both",0
"all","all","[5,10)","se_mx_lost_dad_to_lost_both",0.04639326105382
"all","all","[5,10)","se_mx_lost_mom_to_lost_both",0
"all","all","[5,10)","se_Lx_lost_mom",866.53294034051
"all","all","[5,10)","se_Lx_lost_dad",771.182352685748
"all","all","[5,10)","se_Lx_lost_both",382.687766326419
"all","all","[5,10)","se_Lx_lost_none",1211.41203546721
"all","all","[5,10)","se_dx_lost_mom_to_dead",0.0946292655490856
"all","all","[5,10)","se_dx_lost_dad_to_dead",0.0842165557034586
"all","all","[5,10)","se_dx_lost_both_to_dead",0.0417912125162361
"all","all","[5,10)","se_dx_lost_none_to_dead",0.132291602381022
"all","all","[10,15)","se_pr_lost_none",0.0037923471925029
"all","all","[10,15)","se_pr_lost_mom",0.00151579231625085
"all","all","[10,15)","se_pr_lost_dad",0.00331982280431574
"all","all","[10,15)","se_pr_lost_both",0.000296475302954008
"all","all","[10,15)","se_mx_lost_none_to_lost_mom",0
"all","all","[10,15)","se_mx_lost_none_to_lost_dad",0.00105710171631055
"all","all","[10,15)","se_mx_lost_none_to_lost_both",0
"all","all","[10,15)","se_mx_lost_dad_to_lost_both",0.0103914701335888
"all","all","[10,15)","se_mx_lost_mom_to_lost_both",0
"all","all","[10,15)","se_Lx_lost_mom",752.530952011416
"all","all","[10,15)","se_Lx_lost_dad",1648.16075966141
"all","all","[10,15)","se_Lx_lost_both",147.188265561132
"all","all","[10,15)","se_Lx_lost_none",1882.75043522503
"all","all","[10,15)","se_dx_lost_mom_to_dead",0.123465877897972
"all","all","[10,15)","se_dx_lost_dad_to_dead",0.270409628420836
"all","all","[10,15)","se_dx_lost_both_to_dead",0.0241488119195784
"all","all","[10,15)","se_dx_lost_none_to_dead",0.308898171864591
"all","all","[15,20)","se_pr_lost_none",0.00455793118490857
"all","all","[15,20)","se_pr_lost_mom",0.00234947823466894
"all","all","[15,20)","se_pr_lost_dad",0.0037439307017634
"all","all","[15,20)","se_pr_lost_both",0.000689327549299407
"all","all","[15,20)","se_mx_lost_none_to_lost_mom",0
"all","all","[15,20)","se_mx_lost_none_to_lost_dad",0.00120088312408235
"all","all","[15,20)","se_mx_lost_none_to_lost_both",0
"all","all","[15,20)","se_mx_lost_dad_to_lost_both",0
"all","all","[15,20)","se_mx_lost_mom_to_lost_both",0
"all","all","[15,20)","se_Lx_lost_mom",1164.36580382243
"all","all","[15,20)","se_Lx_lost_dad",1855.43531184424
"all","all","[15,20)","se_Lx_lost_both",341.620285812117
"all","all","[15,20)","se_Lx_lost_none",2258.84161409617
"all","all","[15,20)","se_dx_lost_mom_to_dead",0.681231986713913
"all","all","[15,20)","se_dx_lost_dad_to_dead",1.08555393808144
"all","all","[15,20)","se_dx_lost_both_to_dead",0.199870749588807
"all","all","[15,20)","se_dx_lost_none_to_dead",1.32157364583464
"all","all","[20,25)","se_pr_lost_none",0.00556209724362397
"all","all","[20,25)","se_pr_lost_mom",0.00257968308176785
"all","all","[20,25)","se_pr_lost_dad",0.00440371808926574
"all","all","[20,25)","se_pr_lost_both",0.00111328990872767
"all","all","[20,25)","se_mx_lost_none_to_lost_mom",0.000752898150503304
"all","all","[20,25)","se_mx_lost_none_to_lost_dad",0.00104895550765422
"all","all","[20,25)","se_mx_lost_none_to_lost_both",0
"all","all","[20,25)","se_mx_lost_dad_to_lost_both",0
"all","all","[20,25)","se_mx_lost_mom_to_lost_both",0
"all","all","[20,25)","se_Lx_lost_mom",1273.06757487398
"all","all","[20,25)","se_Lx_lost_dad",2173.22459024242
"all","all","[20,25)","se_Lx_lost_both",549.40596938146
"all","all","[20,25)","se_Lx_lost_none",2744.8819970169
"all","all","[20,25)","se_dx_lost_mom_to_dead",1.38485042720792
"all","all","[20,25)","se_dx_lost_dad_to_dead",2.36404654522276
"all","all","[20,25)","se_dx_lost_both_to_dead",0.59764705851047
"all","all","[20,25)","se_dx_lost_none_to_dead",2.98589884875549
"all","all","[25,30)","se_pr_lost_none",0.00652464842165737
"all","all","[25,30)","se_pr_lost_mom",0.0037999254772329
"all","all","[25,30)","se_pr_lost_dad",0.00556195671417135
"all","all","[25,30)","se_pr_lost_both",0.00114936470632708
"all","all","[25,30)","se_mx_lost_none_to_lost_mom",0.000797819400526995
"all","all","[25,30)","se_mx_lost_none_to_lost_dad",0.00138433256932804
"all","all","[25,30)","se_mx_lost_none_to_lost_both",0
"all","all","[25,30)","se_mx_lost_dad_to_lost_both",0.00538794210864584
"all","all","[25,30)","se_mx_lost_mom_to_lost_both",0
"all","all","[25,30)","se_Lx_lost_mom",1863.5248079115
"all","all","[25,30)","se_Lx_lost_dad",2727.64410236168
"all","all","[25,30)","se_Lx_lost_both",563.660960303393
"all","all","[25,30)","se_Lx_lost_none",3199.75859250618
"all","all","[25,30)","se_dx_lost_mom_to_dead",2.62101216577054
"all","all","[25,30)","se_dx_lost_dad_to_dead",3.83637950288117
"all","all","[25,30)","se_dx_lost_both_to_dead",0.792778410060888
"all","all","[25,30)","se_dx_lost_none_to_dead",4.50039954546492
"all","all","[30,35)","se_pr_lost_none",0.00767696080955229
"all","all","[30,35)","se_pr_lost_mom",0.0050899341849252
"all","all","[30,35)","se_pr_lost_dad",0.00604365934262242
"all","all","[30,35)","se_pr_lost_both",0.00280415295081633
"all","all","[30,35)","se_mx_lost_none_to_lost_mom",0.00122959329787022
"all","all","[30,35)","se_mx_lost_none_to_lost_dad",0.00228511651497623
"all","all","[30,35)","se_mx_lost_none_to_lost_both",0
"all","all","[30,35)","se_mx_lost_dad_to_lost_both",0.00613669288112126
"all","all","[30,35)","se_mx_lost_mom_to_lost_both",0
"all","all","[30,35)","se_Lx_lost_mom",2476.38297311338
"all","all","[30,35)","se_Lx_lost_dad",2940.39461957949
"all","all","[30,35)","se_Lx_lost_both",1364.29202600961
"all","all","[30,35)","se_Lx_lost_none",3735.03749622911
"all","all","[30,35)","se_dx_lost_mom_to_dead",4.42521748581334
"all","all","[30,35)","se_dx_lost_dad_to_dead",5.2543915165899
"all","all","[30,35)","se_dx_lost_both_to_dead",2.43794638987652
"all","all","[30,35)","se_dx_lost_none_to_dead",6.6743930231848
"all","all","[35,40)","se_pr_lost_none",0.00811194434479324
"all","all","[35,40)","se_pr_lost_mom",0.00451777275740104
"all","all","[35,40)","se_pr_lost_dad",0.00681643603304729
"all","all","[35,40)","se_pr_lost_both",0.00264443600576292
"all","all","[35,40)","se_mx_lost_none_to_lost_mom",0.00191263798347592
"all","all","[35,40)","se_mx_lost_none_to_lost_dad",0.00236116115952218
"all","all","[35,40)","se_mx_lost_none_to_lost_both",0.000434500659075672
"all","all","[35,40)","se_mx_lost_dad_to_lost_both",0.00412638813015271
"all","all","[35,40)","se_mx_lost_mom_to_lost_both",0.0111787523568042
"all","all","[35,40)","se_Lx_lost_mom",2176.23591440005
"all","all","[35,40)","se_Lx_lost_dad",3283.51462101025
"all","all","[35,40)","se_Lx_lost_both",1273.83932705472
"all","all","[35,40)","se_Lx_lost_none",3907.56807983167
"all","all","[35,40)","se_dx_lost_mom_to_dead",4.79801867512398
"all","all","[35,40)","se_dx_lost_dad_to_dead",7.2392723451552
"all","all","[35,40)","se_dx_lost_both_to_dead",2.80847533113194
"all","all","[35,40)","se_dx_lost_none_to_dead",8.61514346734755
"all","all","[40,45)","se_pr_lost_none",0.0090676580774178
"all","all","[40,45)","se_pr_lost_mom",0.00439831620593014
"all","all","[40,45)","se_pr_lost_dad",0.0083374782645081
"all","all","[40,45)","se_pr_lost_both",0.00407707688570317
"all","all","[40,45)","se_mx_lost_none_to_lost_mom",0.00138471532721846
"all","all","[40,45)","se_mx_lost_none_to_lost_dad",0.00255493960458824
"all","all","[40,45)","se_mx_lost_none_to_lost_both",0
"all","all","[40,45)","se_mx_lost_dad_to_lost_both",0.00416671880029128
"all","all","[40,45)","se_mx_lost_mom_to_lost_both",0.0132570284837745
"all","all","[40,45)","se_Lx_lost_mom",2092.71434937982
"all","all","[40,45)","se_Lx_lost_dad",3966.96362536504
"all","all","[40,45)","se_Lx_lost_both",1939.86900958419
"all","all","[40,45)","se_Lx_lost_none",4314.38243305407
"all","all","[40,45)","se_dx_lost_mom_to_dead",5.81778068238661
"all","all","[40,45)","se_dx_lost_dad_to_dead",11.0282248287821
"all","all","[40,45)","se_dx_lost_both_to_dead",5.39286809672037
"all","all","[40,45)","se_dx_lost_none_to_dead",11.9940548899512
"all","all","[45,50)","se_pr_lost_none",0.0115830778109799
"all","all","[45,50)","se_pr_lost_mom",0.00613080834798605
"all","all","[45,50)","se_pr_lost_dad",0.00995899460647624
"all","all","[45,50)","se_pr_lost_both",0.00677328139255389
"all","all","[45,50)","se_mx_lost_none_to_lost_mom",0.0027600707169883
"all","all","[45,50)","se_mx_lost_none_to_lost_dad",0.00332597360466738
"all","all","[45,50)","se_mx_lost_none_to_lost_both",0.000789350662659723
"all","all","[45,50)","se_mx_lost_dad_to_lost_both",0.00887042351510903
"all","all","[45,50)","se_mx_lost_mom_to_lost_both",0.0117054170854154
"all","all","[45,50)","se_Lx_lost_mom",2869.94768146312
"all","all","[45,50)","se_Lx_lost_dad",4661.99428497047
"all","all","[45,50)","se_Lx_lost_both",3170.70150053589
"all","all","[45,50)","se_Lx_lost_none",5422.25843982692
"all","all","[45,50)","se_dx_lost_mom_to_dead",10.9768935330607
"all","all","[45,50)","se_dx_lost_dad_to_dead",17.831061955725
"all","all","[45,50)","se_dx_lost_both_to_dead",12.1272081095063
"all","all","[45,50)","se_dx_lost_none_to_dead",20.7388984778902
"all","all","[50,55)","se_pr_lost_none",0.0102300315009492
"all","all","[50,55)","se_pr_lost_mom",0.00582612912440637
"all","all","[50,55)","se_pr_lost_dad",0.0103246576008815
"all","all","[50,55)","se_pr_lost_both",0.00889224994619512
"all","all","[50,55)","se_mx_lost_none_to_lost_mom",0.00263843494623298
"all","all","[50,55)","se_mx_lost_none_to_lost_dad",0.00568324560560491
"all","all","[50,55)","se_mx_lost_none_to_lost_both",0.00117155156883465
"all","all","[50,55)","se_mx_lost_dad_to_lost_both",0.00885316054627557
"all","all","[50,55)","se_mx_lost_mom_to_lost_both",0.0103968891282234
"all","all","[50,55)","se_Lx_lost_mom",2664.83167996555
"all","all","[50,55)","se_Lx_lost_dad",4722.42788859052
"all","all","[50,55)","se_Lx_lost_both",4067.25440799548
"all","all","[50,55)","se_Lx_lost_none",4679.14655660034
"all","all","[50,55)","se_dx_lost_mom_to_dead",14.947102289051
"all","all","[50,55)","se_dx_lost_dad_to_dead",26.4882068290115
"all","all","[50,55)","se_dx_lost_both_to_dead",22.8133236815497
"all","all","[50,55)","se_dx_lost_none_to_dead",26.2454408407026
"all","all","[55,60)","se_pr_lost_none",0.00790027367948862
"all","all","[55,60)","se_pr_lost_mom",0.00585427362812612
"all","all","[55,60)","se_pr_lost_dad",0.00983410843375664
"all","all","[55,60)","se_pr_lost_both",0.0101586863819069
"all","all","[55,60)","se_mx_lost_none_to_lost_mom",0.00564274380646233
"all","all","[55,60)","se_mx_lost_none_to_lost_dad",0.0098524989751062
"all","all","[55,60)","se_mx_lost_none_to_lost_both",0.00153454926964408
"all","all","[55,60)","se_mx_lost_dad_to_lost_both",0.00722501557154866
"all","all","[55,60)","se_mx_lost_mom_to_lost_both",0.0154506440382408
"all","all","[55,60)","se_Lx_lost_mom",2586.1670411878
"all","all","[55,60)","se_Lx_lost_dad",4344.28739180561
"all","all","[55,60)","se_Lx_lost_both",4487.67201048311
"all","all","[55,60)","se_Lx_lost_none",3490.00212564318
"all","all","[55,60)","se_dx_lost_mom_to_dead",21.891637457433
"all","all","[55,60)","se_dx_lost_dad_to_dead",36.7739450227568
"all","all","[55,60)","se_dx_lost_both_to_dead",37.9876810417644
"all","all","[55,60)","se_dx_lost_none_to_dead",29.5425082925658
"all","all","[60,Inf)","se_pr_lost_none",0.00179146608743717
"all","all","[60,Inf)","se_pr_lost_mom",0.00168322308714738
"all","all","[60,Inf)","se_pr_lost_dad",0.00311314893526022
"all","all","[60,Inf)","se_pr_lost_both",0.0034551674720015
"all","all","[60,Inf)","se_mx_lost_none_to_lost_mom",0.00811407589484671
"all","all","[60,Inf)","se_mx_lost_none_to_lost_dad",0.0125987808442022
"all","all","[60,Inf)","se_mx_lost_none_to_lost_both",0.00585449023086103
"all","all","[60,Inf)","se_mx_lost_dad_to_lost_both",0.00701013162609642
"all","all","[60,Inf)","se_mx_lost_mom_to_lost_both",0.01819983008199
"all","all","[60,Inf)","se_Lx_lost_mom",3228.96672188735
"all","all","[60,Inf)","se_Lx_lost_dad",5972.02734978535
"all","all","[60,Inf)","se_Lx_lost_both",6628.12961088124
"all","all","[60,Inf)","se_Lx_lost_none",3436.61183350789
"all","all","[60,Inf)","se_dx_lost_mom_to_dead",145.389245832005
"all","all","[60,Inf)","se_dx_lost_dad_to_dead",268.899814478699
"all","all","[60,Inf)","se_dx_lost_both_to_dead",298.441838644761
"all","all","[60,Inf)","se_dx_lost_none_to_dead",154.738789750986
"all","hispanic","[0,5)","se_pr_lost_none",0.00102971951089652
"all","hispanic","[0,5)","se_pr_lost_mom",0
"all","hispanic","[0,5)","se_pr_lost_dad",0.00102971951089653
"all","hispanic","[0,5)","se_pr_lost_both",0
"all","hispanic","[0,5)","se_mx_lost_none_to_lost_mom",0
"all","hispanic","[0,5)","se_mx_lost_none_to_lost_dad",0.000815828871491588
"all","hispanic","[0,5)","se_mx_lost_none_to_lost_both",0
"all","hispanic","[0,5)","se_mx_lost_dad_to_lost_both",0
"all","hispanic","[0,5)","se_mx_lost_mom_to_lost_both",NA
"all","hispanic","[0,5)","se_Lx_lost_mom",0
"all","hispanic","[0,5)","se_Lx_lost_dad",512.331464216982
"all","hispanic","[0,5)","se_Lx_lost_both",0
"all","hispanic","[0,5)","se_Lx_lost_none",512.331464216978
"all","hispanic","[0,5)","se_dx_lost_mom_to_dead",0
"all","hispanic","[0,5)","se_dx_lost_dad_to_dead",0.556502080458965
"all","hispanic","[0,5)","se_dx_lost_both_to_dead",0
"all","hispanic","[0,5)","se_dx_lost_none_to_dead",0.556502080458961
"all","hispanic","[5,10)","se_pr_lost_none",0.00468341565855064
"all","hispanic","[5,10)","se_pr_lost_mom",0.00112917516408855
"all","hispanic","[5,10)","se_pr_lost_dad",0.00363269621689528
"all","hispanic","[5,10)","se_pr_lost_both",0.00272775773638926
"all","hispanic","[5,10)","se_mx_lost_none_to_lost_mom",0
"all","hispanic","[5,10)","se_mx_lost_none_to_lost_dad",0
"all","hispanic","[5,10)","se_mx_lost_none_to_lost_both",0
"all","hispanic","[5,10)","se_mx_lost_dad_to_lost_both",0
"all","hispanic","[5,10)","se_mx_lost_mom_to_lost_both",0
"all","hispanic","[5,10)","se_Lx_lost_mom",561.402999322712
"all","hispanic","[5,10)","se_Lx_lost_dad",1806.10291180062
"all","hispanic","[5,10)","se_Lx_lost_both",1356.18584550675
"all","hispanic","[5,10)","se_Lx_lost_none",2328.49931649674
"all","hispanic","[5,10)","se_dx_lost_mom_to_dead",0.0503764595471919
"all","hispanic","[5,10)","se_dx_lost_dad_to_dead",0.162067303495271
"all","hispanic","[5,10)","se_dx_lost_both_to_dead",0.121694827899152
"all","hispanic","[5,10)","se_dx_lost_none_to_dead",0.208943578435949
"all","hispanic","[10,15)","se_pr_lost_none",0.00801084157174962
"all","hispanic","[10,15)","se_pr_lost_mom",0.00378442315188629
"all","hispanic","[10,15)","se_pr_lost_dad",0.00611697684116019
"all","hispanic","[10,15)","se_pr_lost_both",0.000948090425334649
"all","hispanic","[10,15)","se_mx_lost_none_to_lost_mom",0
"all","hispanic","[10,15)","se_mx_lost_none_to_lost_dad",0
"all","hispanic","[10,15)","se_mx_lost_none_to_lost_both",0
"all","hispanic","[10,15)","se_mx_lost_dad_to_lost_both",0
"all","hispanic","[10,15)","se_mx_lost_mom_to_lost_both",0
"all","hispanic","[10,15)","se_Lx_lost_mom",1880.63925343176
"all","hispanic","[10,15)","se_Lx_lost_dad",3039.78342223305
"all","hispanic","[10,15)","se_Lx_lost_both",471.146063250998
"all","hispanic","[10,15)","se_Lx_lost_none",3980.9245711189
"all","hispanic","[10,15)","se_dx_lost_mom_to_dead",0.268314087809194
"all","hispanic","[10,15)","se_dx_lost_dad_to_dead",0.433691211424863
"all","hispanic","[10,15)","se_dx_lost_both_to_dead",0.0672192319475433
"all","hispanic","[10,15)","se_dx_lost_none_to_dead",0.567965463332667
"all","hispanic","[15,20)","se_pr_lost_none",0.00904969121991124
"all","hispanic","[15,20)","se_pr_lost_mom",0.00372474554583543
"all","hispanic","[15,20)","se_pr_lost_dad",0.00835284627627253
"all","hispanic","[15,20)","se_pr_lost_both",0
"all","hispanic","[15,20)","se_mx_lost_none_to_lost_mom",0
"all","hispanic","[15,20)","se_mx_lost_none_to_lost_dad",0.00264025738557197
"all","hispanic","[15,20)","se_mx_lost_none_to_lost_both",0
"all","hispanic","[15,20)","se_mx_lost_dad_to_lost_both",0
"all","hispanic","[15,20)","se_mx_lost_mom_to_lost_both",0
"all","hispanic","[15,20)","se_Lx_lost_mom",1848.0357617186
"all","hispanic","[15,20)","se_Lx_lost_dad",4144.27198871311
"all","hispanic","[15,20)","se_Lx_lost_both",0
"all","hispanic","[15,20)","se_Lx_lost_none",4490.01221723878
"all","hispanic","[15,20)","se_dx_lost_mom_to_dead",0.984562337961532
"all","hispanic","[15,20)","se_dx_lost_dad_to_dead",2.20790863622755
"all","hispanic","[15,20)","se_dx_lost_both_to_dead",0
"all","hispanic","[15,20)","se_dx_lost_none_to_dead",2.39210572525359
"all","hispanic","[20,25)","se_pr_lost_none",0.0092152563540401
"all","hispanic","[20,25)","se_pr_lost_mom",0.00508935452202046
"all","hispanic","[20,25)","se_pr_lost_dad",0.00780205976308635
"all","hispanic","[20,25)","se_pr_lost_both",0
"all","hispanic","[20,25)","se_mx_lost_none_to_lost_mom",0.00130149351864522
"all","hispanic","[20,25)","se_mx_lost_none_to_lost_dad",0.00145273698748841
"all","hispanic","[20,25)","se_mx_lost_none_to_lost_both",0
"all","hispanic","[20,25)","se_mx_lost_dad_to_lost_both",0
"all","hispanic","[20,25)","se_mx_lost_mom_to_lost_both",0
"all","hispanic","[20,25)","se_Lx_lost_mom",2515.53490132666
"all","hispanic","[20,25)","se_Lx_lost_dad",3856.35419017509
"all","hispanic","[20,25)","se_Lx_lost_both",0
"all","hispanic","[20,25)","se_Lx_lost_none",4554.86032324139
"all","hispanic","[20,25)","se_dx_lost_mom_to_dead",2.43178019413949
"all","hispanic","[20,25)","se_dx_lost_dad_to_dead",3.72795691934501
"all","hispanic","[20,25)","se_dx_lost_both_to_dead",0
"all","hispanic","[20,25)","se_dx_lost_none_to_dead",4.40320629830603
"all","hispanic","[25,30)","se_pr_lost_none",0.0124756442431744
"all","hispanic","[25,30)","se_pr_lost_mom",0.00700889907368379
"all","hispanic","[25,30)","se_pr_lost_dad",0.0107177663297606
"all","hispanic","[25,30)","se_pr_lost_both",0.0028216502443202
"all","hispanic","[25,30)","se_mx_lost_none_to_lost_mom",0.00274801058157895
"all","hispanic","[25,30)","se_mx_lost_none_to_lost_dad",0.00268808967364477
"all","hispanic","[25,30)","se_mx_lost_none_to_lost_both",0
"all","hispanic","[25,30)","se_mx_lost_dad_to_lost_both",0.00940624829687706
"all","hispanic","[25,30)","se_mx_lost_mom_to_lost_both",0
"all","hispanic","[25,30)","se_Lx_lost_mom",3445.2278441188
"all","hispanic","[25,30)","se_Lx_lost_dad",5268.32339827699
"all","hispanic","[25,30)","se_Lx_lost_both",1386.98358842071
"all","hispanic","[25,30)","se_Lx_lost_none",6132.40916555448
"all","hispanic","[25,30)","se_dx_lost_mom_to_dead",4.202250110667
"all","hispanic","[25,30)","se_dx_lost_dad_to_dead",6.425935695728
"all","hispanic","[25,30)","se_dx_lost_both_to_dead",1.69174643932004
"all","hispanic","[25,30)","se_dx_lost_none_to_dead",7.4798876186367
"all","hispanic","[30,35)","se_pr_lost_none",0.0183086927869742
"all","hispanic","[30,35)","se_pr_lost_mom",0.00848266445839047
"all","hispanic","[30,35)","se_pr_lost_dad",0.0176225246782904
"all","hispanic","[30,35)","se_pr_lost_both",0.00637095598329123
"all","hispanic","[30,35)","se_mx_lost_none_to_lost_mom",0
"all","hispanic","[30,35)","se_mx_lost_none_to_lost_dad",0.0044407235043778
"all","hispanic","[30,35)","se_mx_lost_none_to_lost_both",0
"all","hispanic","[30,35)","se_mx_lost_dad_to_lost_both",0
"all","hispanic","[30,35)","se_mx_lost_mom_to_lost_both",0
"all","hispanic","[30,35)","se_Lx_lost_mom",4141.96590010475
"all","hispanic","[30,35)","se_Lx_lost_dad",8604.83125900788
"all","hispanic","[30,35)","se_Lx_lost_both",3110.84831461878
"all","hispanic","[30,35)","se_Lx_lost_none",8939.8775079605
"all","hispanic","[30,35)","se_dx_lost_mom_to_dead",6.03385037298527
"all","hispanic","[30,35)","se_dx_lost_dad_to_dead",12.5351742515135
"all","hispanic","[30,35)","se_dx_lost_both_to_dead",4.53175948720109
"all","hispanic","[30,35)","se_dx_lost_none_to_dead",13.0232562355199
"all","hispanic","[35,40)","se_pr_lost_none",0.0211031870667423
"all","hispanic","[35,40)","se_pr_lost_mom",0.0116267465678292
"all","hispanic","[35,40)","se_pr_lost_dad",0.0174660765684308
"all","hispanic","[35,40)","se_pr_lost_both",0.00510316447939259
"all","hispanic","[35,40)","se_mx_lost_none_to_lost_mom",0.00400845394885098
"all","hispanic","[35,40)","se_mx_lost_none_to_lost_dad",0.00551475611518945
"all","hispanic","[35,40)","se_mx_lost_none_to_lost_both",0
"all","hispanic","[35,40)","se_mx_lost_dad_to_lost_both",0.0168791261631629
"all","hispanic","[35,40)","se_mx_lost_mom_to_lost_both",0.0155865484976832
"all","hispanic","[35,40)","se_Lx_lost_mom",5631.38254490708
"all","hispanic","[35,40)","se_Lx_lost_dad",8459.64588130146
"all","hispanic","[35,40)","se_Lx_lost_both",2471.70360215454
"all","hispanic","[35,40)","se_Lx_lost_none",10221.2702922749
"all","hispanic","[35,40)","se_dx_lost_mom_to_dead",10.1520400580465
"all","hispanic","[35,40)","se_dx_lost_dad_to_dead",15.2507245208428
"all","hispanic","[35,40)","se_dx_lost_both_to_dead",4.45589227522543
"all","hispanic","[35,40)","se_dx_lost_none_to_dead",18.4265133160134
"all","hispanic","[40,45)","se_pr_lost_none",0.020090059276872
"all","hispanic","[40,45)","se_pr_lost_mom",0.0105939466401247
"all","hispanic","[40,45)","se_pr_lost_dad",0.0193107942049178
"all","hispanic","[40,45)","se_pr_lost_both",0.0115491512076357
"all","hispanic","[40,45)","se_mx_lost_none_to_lost_mom",0
"all","hispanic","[40,45)","se_mx_lost_none_to_lost_dad",0.00734717442782215
"all","hispanic","[40,45)","se_mx_lost_none_to_lost_both",0
"all","hispanic","[40,45)","se_mx_lost_dad_to_lost_both",0.0154120473464939
"all","hispanic","[40,45)","se_mx_lost_mom_to_lost_both",0.0243815389283143
"all","hispanic","[40,45)","se_Lx_lost_mom",5079.01486889698
"all","hispanic","[40,45)","se_Lx_lost_dad",9258.09938720176
"all","hispanic","[40,45)","se_Lx_lost_both",5536.96490074359
"all","hispanic","[40,45)","se_Lx_lost_none",9631.69942708463
"all","hispanic","[40,45)","se_dx_lost_mom_to_dead",11.8724106260464
"all","hispanic","[40,45)","se_dx_lost_dad_to_dead",21.6411962514059
"all","hispanic","[40,45)","se_dx_lost_both_to_dead",12.9428880640215
"all","hispanic","[40,45)","se_dx_lost_none_to_dead",22.5145020396128
"all","hispanic","[45,50)","se_pr_lost_none",0.0248495670650047
"all","hispanic","[45,50)","se_pr_lost_mom",0.0135103109029094
"all","hispanic","[45,50)","se_pr_lost_dad",0.0255822524954853
"all","hispanic","[45,50)","se_pr_lost_both",0.0155863603520071
"all","hispanic","[45,50)","se_mx_lost_none_to_lost_mom",0.00413142242951922
"all","hispanic","[45,50)","se_mx_lost_none_to_lost_dad",0.00871958899108415
"all","hispanic","[45,50)","se_mx_lost_none_to_lost_both",0
"all","hispanic","[45,50)","se_mx_lost_dad_to_lost_both",0.0266297863684735
"all","hispanic","[45,50)","se_mx_lost_mom_to_lost_both",0.0199141952159019
"all","hispanic","[45,50)","se_Lx_lost_mom",6386.63765633656
"all","hispanic","[45,50)","se_Lx_lost_dad",12093.324742541
"all","hispanic","[45,50)","se_Lx_lost_both",7368.03443419819
"all","hispanic","[45,50)","se_Lx_lost_none",11746.967327513
"all","hispanic","[45,50)","se_dx_lost_mom_to_dead",21.6400390624509
"all","hispanic","[45,50)","se_dx_lost_dad_to_dead",40.9761808803799
"all","hispanic","[45,50)","se_dx_lost_both_to_dead",24.9653356819669
"all","hispanic","[45,50)","se_dx_lost_none_to_dead",39.8026074926147
"all","hispanic","[50,55)","se_pr_lost_none",0.027832278669627
"all","hispanic","[50,55)","se_pr_lost_mom",0.0171105132859522
"all","hispanic","[50,55)","se_pr_lost_dad",0.0243247403703082
"all","hispanic","[50,55)","se_pr_lost_both",0.0227629715765742
"all","hispanic","[50,55)","se_mx_lost_none_to_lost_mom",0
"all","hispanic","[50,55)","se_mx_lost_none_to_lost_dad",0.0197831138916334
"all","hispanic","[50,55)","se_mx_lost_none_to_lost_both",0
"all","hispanic","[50,55)","se_mx_lost_dad_to_lost_both",0.0226375456006915
"all","hispanic","[50,55)","se_mx_lost_mom_to_lost_both",0.020720258455556
"all","hispanic","[50,55)","se_Lx_lost_mom",7921.2280435999
"all","hispanic","[50,55)","se_Lx_lost_dad",11261.0190211397
"all","hispanic","[50,55)","se_Lx_lost_both",10538.00583271
"all","hispanic","[50,55)","se_Lx_lost_none",12884.8166405469
"all","hispanic","[50,55)","se_dx_lost_mom_to_dead",40.5575721264214
"all","hispanic","[50,55)","se_dx_lost_dad_to_dead",57.6576748773055
"all","hispanic","[50,55)","se_dx_lost_both_to_dead",53.9557666155197
"all","hispanic","[50,55)","se_dx_lost_none_to_dead",65.9717000139798
"all","hispanic","[55,60)","se_pr_lost_none",0.023115379076012
"all","hispanic","[55,60)","se_pr_lost_mom",0.0142403717490337
"all","hispanic","[55,60)","se_pr_lost_dad",0.0265245917324893
"all","hispanic","[55,60)","se_pr_lost_both",0.0288835594893065
"all","hispanic","[55,60)","se_mx_lost_none_to_lost_mom",0.0123151962298053
"all","hispanic","[55,60)","se_mx_lost_none_to_lost_dad",0.0135365218309088
"all","hispanic","[55,60)","se_mx_lost_none_to_lost_both",0
"all","hispanic","[55,60)","se_mx_lost_dad_to_lost_both",0.031062433340255
"all","hispanic","[55,60)","se_mx_lost_mom_to_lost_both",0.0245056804241319
"all","hispanic","[55,60)","se_Lx_lost_mom",6383.59107549604
"all","hispanic","[55,60)","se_Lx_lost_dad",11890.2898076509
"all","hispanic","[55,60)","se_Lx_lost_both",12947.7541621768
"all","hispanic","[55,60)","se_Lx_lost_none",10362.0277740538
"all","hispanic","[55,60)","se_dx_lost_mom_to_dead",50.6547032639199
"all","hispanic","[55,60)","se_dx_lost_dad_to_dead",94.3511410435643
"all","hispanic","[55,60)","se_dx_lost_both_to_dead",102.742271123356
"all","hispanic","[55,60)","se_dx_lost_none_to_dead",82.2241644083386
"all","hispanic","[60,Inf)","se_pr_lost_none",0.00930499774906692
"all","hispanic","[60,Inf)","se_pr_lost_mom",0.00835215482295642
"all","hispanic","[60,Inf)","se_pr_lost_dad",0.0128996119219138
"all","hispanic","[60,Inf)","se_pr_lost_both",0.0167022926957107
"all","hispanic","[60,Inf)","se_mx_lost_none_to_lost_mom",0
"all","hispanic","[60,Inf)","se_mx_lost_none_to_lost_dad",0.0427507104990573
"all","hispanic","[60,Inf)","se_mx_lost_none_to_lost_both",0.0139110934857221
"all","hispanic","[60,Inf)","se_mx_lost_dad_to_lost_both",0.016522160272348
"all","hispanic","[60,Inf)","se_mx_lost_mom_to_lost_both",0.0641977485588077
"all","hispanic","[60,Inf)","se_Lx_lost_mom",16565.2221802188
"all","hispanic","[60,Inf)","se_Lx_lost_dad",25584.4081024187
"all","hispanic","[60,Inf)","se_Lx_lost_both",33126.4440480712
"all","hispanic","[60,Inf)","se_Lx_lost_none",18455.0404496894
"all","hispanic","[60,Inf)","se_dx_lost_mom_to_dead",733.051860269579
"all","hispanic","[60,Inf)","se_dx_lost_dad_to_dead",1132.17303995897
"all","hispanic","[60,Inf)","se_dx_lost_both_to_dead",1465.92669686933
"all","hispanic","[60,Inf)","se_dx_lost_none_to_dead",816.680970880674
"all","non-hispanic asian","[0,5)","se_pr_lost_none",0
"all","non-hispanic asian","[0,5)","se_pr_lost_mom",0
"all","non-hispanic asian","[0,5)","se_pr_lost_dad",0
"all","non-hispanic asian","[0,5)","se_pr_lost_both",0
"all","non-hispanic asian","[0,5)","se_mx_lost_none_to_lost_mom",0
"all","non-hispanic asian","[0,5)","se_mx_lost_none_to_lost_dad",0
"all","non-hispanic asian","[0,5)","se_mx_lost_none_to_lost_both",0
"all","non-hispanic asian","[0,5)","se_mx_lost_dad_to_lost_both",NA
"all","non-hispanic asian","[0,5)","se_mx_lost_mom_to_lost_both",NA
"all","non-hispanic asian","[0,5)","se_Lx_lost_mom",0
"all","non-hispanic asian","[0,5)","se_Lx_lost_dad",0
"all","non-hispanic asian","[0,5)","se_Lx_lost_both",0
"all","non-hispanic asian","[0,5)","se_Lx_lost_none",0
"all","non-hispanic asian","[0,5)","se_dx_lost_mom_to_dead",0
"all","non-hispanic asian","[0,5)","se_dx_lost_dad_to_dead",0
"all","non-hispanic asian","[0,5)","se_dx_lost_both_to_dead",0
"all","non-hispanic asian","[0,5)","se_dx_lost_none_to_dead",0
"all","non-hispanic asian","[5,10)","se_pr_lost_none",0
"all","non-hispanic asian","[5,10)","se_pr_lost_mom",0
"all","non-hispanic asian","[5,10)","se_pr_lost_dad",0
"all","non-hispanic asian","[5,10)","se_pr_lost_both",0
"all","non-hispanic asian","[5,10)","se_mx_lost_none_to_lost_mom",0
"all","non-hispanic asian","[5,10)","se_mx_lost_none_to_lost_dad",0
"all","non-hispanic asian","[5,10)","se_mx_lost_none_to_lost_both",0
"all","non-hispanic asian","[5,10)","se_mx_lost_dad_to_lost_both",NA
"all","non-hispanic asian","[5,10)","se_mx_lost_mom_to_lost_both",NA
"all","non-hispanic asian","[5,10)","se_Lx_lost_mom",0
"all","non-hispanic asian","[5,10)","se_Lx_lost_dad",0
"all","non-hispanic asian","[5,10)","se_Lx_lost_both",0
"all","non-hispanic asian","[5,10)","se_Lx_lost_none",0
"all","non-hispanic asian","[5,10)","se_dx_lost_mom_to_dead",0
"all","non-hispanic asian","[5,10)","se_dx_lost_dad_to_dead",0
"all","non-hispanic asian","[5,10)","se_dx_lost_both_to_dead",0
"all","non-hispanic asian","[5,10)","se_dx_lost_none_to_dead",0
"all","non-hispanic asian","[10,15)","se_pr_lost_none",0
"all","non-hispanic asian","[10,15)","se_pr_lost_mom",0
"all","non-hispanic asian","[10,15)","se_pr_lost_dad",0
"all","non-hispanic asian","[10,15)","se_pr_lost_both",0
"all","non-hispanic asian","[10,15)","se_mx_lost_none_to_lost_mom",0
"all","non-hispanic asian","[10,15)","se_mx_lost_none_to_lost_dad",0
"all","non-hispanic asian","[10,15)","se_mx_lost_none_to_lost_both",0
"all","non-hispanic asian","[10,15)","se_mx_lost_dad_to_lost_both",NA
"all","non-hispanic asian","[10,15)","se_mx_lost_mom_to_lost_both",NA
"all","non-hispanic asian","[10,15)","se_Lx_lost_mom",0
"all","non-hispanic asian","[10,15)","se_Lx_lost_dad",0
"all","non-hispanic asian","[10,15)","se_Lx_lost_both",0
"all","non-hispanic asian","[10,15)","se_Lx_lost_none",0
"all","non-hispanic asian","[10,15)","se_dx_lost_mom_to_dead",0
"all","non-hispanic asian","[10,15)","se_dx_lost_dad_to_dead",0
"all","non-hispanic asian","[10,15)","se_dx_lost_both_to_dead",0
"all","non-hispanic asian","[10,15)","se_dx_lost_none_to_dead",0
"all","non-hispanic asian","[15,20)","se_pr_lost_none",0.0159676839303831
"all","non-hispanic asian","[15,20)","se_pr_lost_mom",0.00664749461683493
"all","non-hispanic asian","[15,20)","se_pr_lost_dad",0.0143577616753151
"all","non-hispanic asian","[15,20)","se_pr_lost_both",0
"all","non-hispanic asian","[15,20)","se_mx_lost_none_to_lost_mom",0
"all","non-hispanic asian","[15,20)","se_mx_lost_none_to_lost_dad",0
"all","non-hispanic asian","[15,20)","se_mx_lost_none_to_lost_both",0
"all","non-hispanic asian","[15,20)","se_mx_lost_dad_to_lost_both",0
"all","non-hispanic asian","[15,20)","se_mx_lost_mom_to_lost_both",0
"all","non-hispanic asian","[15,20)","se_Lx_lost_mom",3306.80512971543
"all","non-hispanic asian","[15,20)","se_Lx_lost_dad",7142.28783862774
"all","non-hispanic asian","[15,20)","se_Lx_lost_both",0
"all","non-hispanic asian","[15,20)","se_Lx_lost_none",7943.14582774435
"all","non-hispanic asian","[15,20)","se_dx_lost_mom_to_dead",1.06058905938697
"all","non-hispanic asian","[15,20)","se_dx_lost_dad_to_dead",2.29074047108819
"all","non-hispanic asian","[15,20)","se_dx_lost_both_to_dead",0
"all","non-hispanic asian","[15,20)","se_dx_lost_none_to_dead",2.54759903639858
"all","non-hispanic asian","[20,25)","se_pr_lost_none",0.00747326435558263
"all","non-hispanic asian","[20,25)","se_pr_lost_mom",0.00404206735769639
"all","non-hispanic asian","[20,25)","se_pr_lost_dad",0.00624543616257198
"all","non-hispanic asian","[20,25)","se_pr_lost_both",0
"all","non-hispanic asian","[20,25)","se_mx_lost_none_to_lost_mom",0
"all","non-hispanic asian","[20,25)","se_mx_lost_none_to_lost_dad",0
"all","non-hispanic asian","[20,25)","se_mx_lost_none_to_lost_both",0
"all","non-hispanic asian","[20,25)","se_mx_lost_dad_to_lost_both",0
"all","non-hispanic asian","[20,25)","se_mx_lost_mom_to_lost_both",0
"all","non-hispanic asian","[20,25)","se_Lx_lost_mom",2006.28275402066
"all","non-hispanic asian","[20,25)","se_Lx_lost_dad",3099.92628906761
"all","non-hispanic asian","[20,25)","se_Lx_lost_both",0
"all","non-hispanic asian","[20,25)","se_Lx_lost_none",3709.35960883829
"all","non-hispanic asian","[20,25)","se_dx_lost_mom_to_dead",1.06983582467561
"all","non-hispanic asian","[20,25)","se_dx_lost_dad_to_dead",1.65301336077981
"all","non-hispanic asian","[20,25)","se_dx_lost_both_to_dead",0
"all","non-hispanic asian","[20,25)","se_dx_lost_none_to_dead",1.97798928799398
"all","non-hispanic asian","[25,30)","se_pr_lost_none",0.0220020879354883
"all","non-hispanic asian","[25,30)","se_pr_lost_mom",0.0116751519229482
"all","non-hispanic asian","[25,30)","se_pr_lost_dad",0.0180629058081001
"all","non-hispanic asian","[25,30)","se_pr_lost_both",0.00331614449069805
"all","non-hispanic asian","[25,30)","se_mx_lost_none_to_lost_mom",0
"all","non-hispanic asian","[25,30)","se_mx_lost_none_to_lost_dad",0.0156576478282793
"all","non-hispanic asian","[25,30)","se_mx_lost_none_to_lost_both",0
"all","non-hispanic asian","[25,30)","se_mx_lost_dad_to_lost_both",0
"all","non-hispanic asian","[25,30)","se_mx_lost_mom_to_lost_both",0
"all","non-hispanic asian","[25,30)","se_Lx_lost_mom",5779.89076885317
"all","non-hispanic asian","[25,30)","se_Lx_lost_dad",8942.20676766481
"all","non-hispanic asian","[25,30)","se_Lx_lost_both",1641.68766766069
"all","non-hispanic asian","[25,30)","se_Lx_lost_none",10892.3349171898
"all","non-hispanic asian","[25,30)","se_dx_lost_mom_to_dead",2.87621743844164
"all","non-hispanic asian","[25,30)","se_dx_lost_dad_to_dead",4.44986455140425
"all","non-hispanic asian","[25,30)","se_dx_lost_both_to_dead",0.816944625259266
"all","non-hispanic asian","[25,30)","se_dx_lost_none_to_dead",5.42029683380753
"all","non-hispanic asian","[30,35)","se_pr_lost_none",0.0282043949824836
"all","non-hispanic asian","[30,35)","se_pr_lost_mom",0.00982856953429479
"all","non-hispanic asian","[30,35)","se_pr_lost_dad",0.0264823636175965
"all","non-hispanic asian","[30,35)","se_pr_lost_both",0.00792549407399419
"all","non-hispanic asian","[30,35)","se_mx_lost_none_to_lost_mom",0.00311416261832204
"all","non-hispanic asian","[30,35)","se_mx_lost_none_to_lost_dad",0.0129411257540714
"all","non-hispanic asian","[30,35)","se_mx_lost_none_to_lost_both",0
"all","non-hispanic asian","[30,35)","se_mx_lost_dad_to_lost_both",0
"all","non-hispanic asian","[30,35)","se_mx_lost_mom_to_lost_both",0
"all","non-hispanic asian","[30,35)","se_Lx_lost_mom",4853.0876396563
"all","non-hispanic asian","[30,35)","se_Lx_lost_dad",13076.2906130941
"all","non-hispanic asian","[30,35)","se_Lx_lost_both",3913.39931965291
"all","non-hispanic asian","[30,35)","se_Lx_lost_none",13926.5841479644
"all","non-hispanic asian","[30,35)","se_dx_lost_mom_to_dead",2.71633716132513
"all","non-hispanic asian","[30,35)","se_dx_lost_dad_to_dead",7.31897232483316
"all","non-hispanic asian","[30,35)","se_dx_lost_both_to_dead",2.19038121467563
"all","non-hispanic asian","[30,35)","se_dx_lost_none_to_dead",7.79489283117833
"all","non-hispanic asian","[35,40)","se_pr_lost_none",0.0237672831578491
"all","non-hispanic asian","[35,40)","se_pr_lost_mom",0.0129176617870914
"all","non-hispanic asian","[35,40)","se_pr_lost_dad",0.0157497104390747
"all","non-hispanic asian","[35,40)","se_pr_lost_both",0.0104276407605242
"all","non-hispanic asian","[35,40)","se_mx_lost_none_to_lost_mom",0.00508692226511154
"all","non-hispanic asian","[35,40)","se_mx_lost_none_to_lost_dad",0
"all","non-hispanic asian","[35,40)","se_mx_lost_none_to_lost_both",0
"all","non-hispanic asian","[35,40)","se_mx_lost_dad_to_lost_both",0
"all","non-hispanic asian","[35,40)","se_mx_lost_mom_to_lost_both",0
"all","non-hispanic asian","[35,40)","se_Lx_lost_mom",6358.431596721
"all","non-hispanic asian","[35,40)","se_Lx_lost_dad",7752.44453257726
"all","non-hispanic asian","[35,40)","se_Lx_lost_both",5132.77414936114
"all","non-hispanic asian","[35,40)","se_Lx_lost_none",11698.916312401
"all","non-hispanic asian","[35,40)","se_dx_lost_mom_to_dead",4.5014706900121
"all","non-hispanic asian","[35,40)","se_dx_lost_dad_to_dead",5.48836632249649
"all","non-hispanic asian","[35,40)","se_dx_lost_both_to_dead",3.63376282977017
"all","non-hispanic asian","[35,40)","se_dx_lost_none_to_dead",8.2822828372228
"all","non-hispanic asian","[40,45)","se_pr_lost_none",0.0362970949185686
"all","non-hispanic asian","[40,45)","se_pr_lost_mom",0.0187083018523782
"all","non-hispanic asian","[40,45)","se_pr_lost_dad",0.0304969000393191
"all","non-hispanic asian","[40,45)","se_pr_lost_both",0.0122849713221591
"all","non-hispanic asian","[40,45)","se_mx_lost_none_to_lost_mom",0.00543519195109653
"all","non-hispanic asian","[40,45)","se_mx_lost_none_to_lost_dad",0
"all","non-hispanic asian","[40,45)","se_mx_lost_none_to_lost_both",0
"all","non-hispanic asian","[40,45)","se_mx_lost_dad_to_lost_both",0
"all","non-hispanic asian","[40,45)","se_mx_lost_mom_to_lost_both",0
"all","non-hispanic asian","[40,45)","se_Lx_lost_mom",9170.81585285596
"all","non-hispanic asian","[40,45)","se_Lx_lost_dad",14949.5906443266
"all","non-hispanic asian","[40,45)","se_Lx_lost_both",6022.09706910494
"all","non-hispanic asian","[40,45)","se_Lx_lost_none",17792.8481226376
"all","non-hispanic asian","[40,45)","se_dx_lost_mom_to_dead",9.01735239268885
"all","non-hispanic asian","[40,45)","se_dx_lost_dad_to_dead",14.6994257794803
"all","non-hispanic asian","[40,45)","se_dx_lost_both_to_dead",5.92132393522949
"all","non-hispanic asian","[40,45)","se_dx_lost_none_to_dead",17.4951044885991
"all","non-hispanic asian","[45,50)","se_pr_lost_none",0.0400679929034886
"all","non-hispanic asian","[45,50)","se_pr_lost_mom",0.0179526243321242
"all","non-hispanic asian","[45,50)","se_pr_lost_dad",0.0367232818081848
"all","non-hispanic asian","[45,50)","se_pr_lost_both",0.0272179143529798
"all","non-hispanic asian","[45,50)","se_mx_lost_none_to_lost_mom",0.0131073276925449
"all","non-hispanic asian","[45,50)","se_mx_lost_none_to_lost_dad",0.0123775157403501
"all","non-hispanic asian","[45,50)","se_mx_lost_none_to_lost_both",0
"all","non-hispanic asian","[45,50)","se_mx_lost_dad_to_lost_both",0
"all","non-hispanic asian","[45,50)","se_mx_lost_mom_to_lost_both",0
"all","non-hispanic asian","[45,50)","se_Lx_lost_mom",8745.22570514924
"all","non-hispanic asian","[45,50)","se_Lx_lost_dad",17888.9382468562
"all","non-hispanic asian","[45,50)","se_Lx_lost_both",13258.6077576585
"all","non-hispanic asian","[45,50)","se_Lx_lost_none",19518.2406210282
"all","non-hispanic asian","[45,50)","se_dx_lost_mom_to_dead",13.8277679657154
"all","non-hispanic asian","[45,50)","se_dx_lost_dad_to_dead",28.2856149824573
"all","non-hispanic asian","[45,50)","se_dx_lost_both_to_dead",20.9642332631147
"all","non-hispanic asian","[45,50)","se_dx_lost_none_to_dead",30.861833817241
"all","non-hispanic asian","[50,55)","se_pr_lost_none",0.0438047848215063
"all","non-hispanic asian","[50,55)","se_pr_lost_mom",0.0224182285124765
"all","non-hispanic asian","[50,55)","se_pr_lost_dad",0.0423884457284821
"all","non-hispanic asian","[50,55)","se_pr_lost_both",0.0409204060588892
"all","non-hispanic asian","[50,55)","se_mx_lost_none_to_lost_mom",0.0255182616304958
"all","non-hispanic asian","[50,55)","se_mx_lost_none_to_lost_dad",0.0203590173957577
"all","non-hispanic asian","[50,55)","se_mx_lost_none_to_lost_both",0
"all","non-hispanic asian","[50,55)","se_mx_lost_dad_to_lost_both",0.0503665190947253
"all","non-hispanic asian","[50,55)","se_mx_lost_mom_to_lost_both",0.0599451031938083
"all","non-hispanic asian","[50,55)","se_Lx_lost_mom",10809.9249459429
"all","non-hispanic asian","[50,55)","se_Lx_lost_dad",20439.4346611755
"all","non-hispanic asian","[50,55)","se_Lx_lost_both",19731.5554174104
"all","non-hispanic asian","[50,55)","se_Lx_lost_none",21122.3842209534
"all","non-hispanic asian","[50,55)","se_dx_lost_mom_to_dead",27.5145918072684
"all","non-hispanic asian","[50,55)","se_dx_lost_dad_to_dead",52.0246629172617
"all","non-hispanic asian","[50,55)","se_dx_lost_both_to_dead",50.2228919948516
"all","non-hispanic asian","[50,55)","se_dx_lost_none_to_dead",53.762980107826
"all","non-hispanic asian","[55,60)","se_pr_lost_none",0.0445145408286739
"all","non-hispanic asian","[55,60)","se_pr_lost_mom",0.0221955127745152
"all","non-hispanic asian","[55,60)","se_pr_lost_dad",0.0391139648161678
"all","non-hispanic asian","[55,60)","se_pr_lost_both",0.0398228163939971
"all","non-hispanic asian","[55,60)","se_mx_lost_none_to_lost_mom",0
"all","non-hispanic asian","[55,60)","se_mx_lost_none_to_lost_dad",0.0617905071638983
"all","non-hispanic asian","[55,60)","se_mx_lost_none_to_lost_both",0
"all","non-hispanic asian","[55,60)","se_mx_lost_dad_to_lost_both",0.0291115078572583
"all","non-hispanic asian","[55,60)","se_mx_lost_mom_to_lost_both",0.0528766084467147
"all","non-hispanic asian","[55,60)","se_Lx_lost_mom",10537.0684295604
"all","non-hispanic asian","[55,60)","se_Lx_lost_dad",18568.9120141709
"all","non-hispanic asian","[55,60)","se_Lx_lost_both",18905.4312763239
"all","non-hispanic asian","[55,60)","se_Lx_lost_none",21132.7743399
"all","non-hispanic asian","[55,60)","se_dx_lost_mom_to_dead",39.8000624174211
"all","non-hispanic asian","[55,60)","se_dx_lost_dad_to_dead",70.1375208985366
"all","non-hispanic asian","[55,60)","se_dx_lost_both_to_dead",71.4086038119571
"all","non-hispanic asian","[55,60)","se_dx_lost_none_to_dead",79.8216072528995
"all","non-hispanic asian","[60,Inf)","se_pr_lost_none",0.0121251302251595
"all","non-hispanic asian","[60,Inf)","se_pr_lost_mom",0.0078469993159361
"all","non-hispanic asian","[60,Inf)","se_pr_lost_dad",0.0170984539386061
"all","non-hispanic asian","[60,Inf)","se_pr_lost_both",0.0229612586517132
"all","non-hispanic asian","[60,Inf)","se_mx_lost_none_to_lost_mom",0.051050782798024
"all","non-hispanic asian","[60,Inf)","se_mx_lost_none_to_lost_dad",0
"all","non-hispanic asian","[60,Inf)","se_mx_lost_none_to_lost_both",0
"all","non-hispanic asian","[60,Inf)","se_mx_lost_dad_to_lost_both",0.0312817048365997
"all","non-hispanic asian","[60,Inf)","se_mx_lost_mom_to_lost_both",0.108033030295989
"all","non-hispanic asian","[60,Inf)","se_Lx_lost_mom",19311.0596864262
"all","non-hispanic asian","[60,Inf)","se_Lx_lost_dad",42078.4112830831
"all","non-hispanic asian","[60,Inf)","se_Lx_lost_both",56506.4706196941
"all","non-hispanic asian","[60,Inf)","se_Lx_lost_none",29839.3187072444
"all","non-hispanic asian","[60,Inf)","se_dx_lost_mom_to_dead",737.550476361009
"all","non-hispanic asian","[60,Inf)","se_dx_lost_dad_to_dead",1607.10767768829
"all","non-hispanic asian","[60,Inf)","se_dx_lost_both_to_dead",2158.16091917158
"all","non-hispanic asian","[60,Inf)","se_dx_lost_none_to_dead",1139.65800345413
"all","non-hispanic black","[0,5)","se_pr_lost_none",0.00438529379503232
"all","non-hispanic black","[0,5)","se_pr_lost_mom",0
"all","non-hispanic black","[0,5)","se_pr_lost_dad",0.00438529379503237
"all","non-hispanic black","[0,5)","se_pr_lost_both",0
"all","non-hispanic black","[0,5)","se_mx_lost_none_to_lost_mom",0
"all","non-hispanic black","[0,5)","se_mx_lost_none_to_lost_dad",0
"all","non-hispanic black","[0,5)","se_mx_lost_none_to_lost_both",0
"all","non-hispanic black","[0,5)","se_mx_lost_dad_to_lost_both",0
"all","non-hispanic black","[0,5)","se_mx_lost_mom_to_lost_both",NA
"all","non-hispanic black","[0,5)","se_Lx_lost_mom",0
"all","non-hispanic black","[0,5)","se_Lx_lost_dad",2168.76205226046
"all","non-hispanic black","[0,5)","se_Lx_lost_both",0
"all","non-hispanic black","[0,5)","se_Lx_lost_none",2168.76205226044
"all","non-hispanic black","[0,5)","se_dx_lost_mom_to_dead",0
"all","non-hispanic black","[0,5)","se_dx_lost_dad_to_dead",5.29075525401161
"all","non-hispanic black","[0,5)","se_dx_lost_both_to_dead",0
"all","non-hispanic black","[0,5)","se_dx_lost_none_to_dead",5.29075525401155
"all","non-hispanic black","[5,10)","se_pr_lost_none",0.00738248844534818
"all","non-hispanic black","[5,10)","se_pr_lost_mom",0.00566749198906672
"all","non-hispanic black","[5,10)","se_pr_lost_dad",0.0047309526656745
"all","non-hispanic black","[5,10)","se_pr_lost_both",0
"all","non-hispanic black","[5,10)","se_mx_lost_none_to_lost_mom",0
"all","non-hispanic black","[5,10)","se_mx_lost_none_to_lost_dad",0
"all","non-hispanic black","[5,10)","se_mx_lost_none_to_lost_both",0
"all","non-hispanic black","[5,10)","se_mx_lost_dad_to_lost_both",0.217140181702404
"all","non-hispanic black","[5,10)","se_mx_lost_mom_to_lost_both",0
"all","non-hispanic black","[5,10)","se_Lx_lost_mom",2797.95015940769
"all","non-hispanic black","[5,10)","se_Lx_lost_dad",2335.59567276141
"all","non-hispanic black","[5,10)","se_Lx_lost_both",0
"all","non-hispanic black","[5,10)","se_Lx_lost_none",3644.61648332896
"all","non-hispanic black","[5,10)","se_dx_lost_mom_to_dead",0.59227227876304
"all","non-hispanic black","[5,10)","se_dx_lost_dad_to_dead",0.494400719299566
"all","non-hispanic black","[5,10)","se_dx_lost_both_to_dead",0
"all","non-hispanic black","[5,10)","se_dx_lost_none_to_dead",0.7714952686132
"all","non-hispanic black","[10,15)","se_pr_lost_none",0.0154734476842968
"all","non-hispanic black","[10,15)","se_pr_lost_mom",0.00316238582383771
"all","non-hispanic black","[10,15)","se_pr_lost_dad",0.0151281602241571
"all","non-hispanic black","[10,15)","se_pr_lost_both",0
"all","non-hispanic black","[10,15)","se_mx_lost_none_to_lost_mom",0
"all","non-hispanic black","[10,15)","se_mx_lost_none_to_lost_dad",0.00323628259602517
"all","non-hispanic black","[10,15)","se_mx_lost_none_to_lost_both",0
"all","non-hispanic black","[10,15)","se_mx_lost_dad_to_lost_both",0
"all","non-hispanic black","[10,15)","se_mx_lost_mom_to_lost_both",0
"all","non-hispanic black","[10,15)","se_Lx_lost_mom",1559.68036234783
"all","non-hispanic black","[10,15)","se_Lx_lost_dad",7461.16879294496
"all","non-hispanic black","[10,15)","se_Lx_lost_both",0
"all","non-hispanic black","[10,15)","se_Lx_lost_none",7631.46365920871
"all","non-hispanic black","[10,15)","se_dx_lost_mom_to_dead",0.437504734170647
"all","non-hispanic black","[10,15)","se_dx_lost_dad_to_dead",2.09292669713804
"all","non-hispanic black","[10,15)","se_dx_lost_both_to_dead",0
"all","non-hispanic black","[10,15)","se_dx_lost_none_to_dead",2.1406959785844
"all","non-hispanic black","[15,20)","se_pr_lost_none",0.018603011812779
"all","non-hispanic black","[15,20)","se_pr_lost_mom",0.0130722027476225
"all","non-hispanic black","[15,20)","se_pr_lost_dad",0.0119335667366473
"all","non-hispanic black","[15,20)","se_pr_lost_both",0.00506970435402098
"all","non-hispanic black","[15,20)","se_mx_lost_none_to_lost_mom",0
"all","non-hispanic black","[15,20)","se_mx_lost_none_to_lost_dad",0.00454019052983236
"all","non-hispanic black","[15,20)","se_mx_lost_none_to_lost_both",0
"all","non-hispanic black","[15,20)","se_mx_lost_dad_to_lost_both",0
"all","non-hispanic black","[15,20)","se_mx_lost_mom_to_lost_both",0
"all","non-hispanic black","[15,20)","se_Lx_lost_mom",6425.17760590265
"all","non-hispanic black","[15,20)","se_Lx_lost_dad",5865.52146070381
"all","non-hispanic black","[15,20)","se_Lx_lost_both",2491.83335914271
"all","non-hispanic black","[15,20)","se_Lx_lost_none",9143.65063099628
"all","non-hispanic black","[15,20)","se_dx_lost_mom_to_dead",7.59165910629258
"all","non-hispanic black","[15,20)","se_dx_lost_dad_to_dead",6.9303982148912
"all","non-hispanic black","[15,20)","se_dx_lost_both_to_dead",2.94422202351584
"all","non-hispanic black","[15,20)","se_dx_lost_none_to_dead",10.8036668922257
"all","non-hispanic black","[20,25)","se_pr_lost_none",0.0215023543205416
"all","non-hispanic black","[20,25)","se_pr_lost_mom",0.00899962714014337
"all","non-hispanic black","[20,25)","se_pr_lost_dad",0.0197450834938496
"all","non-hispanic black","[20,25)","se_pr_lost_both",0.00212950711659359
"all","non-hispanic black","[20,25)","se_mx_lost_none_to_lost_mom",0.0012845949794917
"all","non-hispanic black","[20,25)","se_mx_lost_none_to_lost_dad",0.0033726632150061
"all","non-hispanic black","[20,25)","se_mx_lost_none_to_lost_both",0
"all","non-hispanic black","[20,25)","se_mx_lost_dad_to_lost_both",0
"all","non-hispanic black","[20,25)","se_mx_lost_mom_to_lost_both",0
"all","non-hispanic black","[20,25)","se_Lx_lost_mom",4386.07607134579
"all","non-hispanic black","[20,25)","se_Lx_lost_dad",9623.00291895416
"all","non-hispanic black","[20,25)","se_Lx_lost_both",1037.84079744696
"all","non-hispanic black","[20,25)","se_Lx_lost_none",10479.4299024064
"all","non-hispanic black","[20,25)","se_dx_lost_mom_to_dead",9.30168893584787
"all","non-hispanic black","[20,25)","se_dx_lost_dad_to_dead",20.4078037692135
"all","non-hispanic black","[20,25)","se_dx_lost_both_to_dead",2.20098149365245
"all","non-hispanic black","[20,25)","se_dx_lost_none_to_dead",22.2240553040152
"all","non-hispanic black","[25,30)","se_pr_lost_none",0.0304278139495364
"all","non-hispanic black","[25,30)","se_pr_lost_mom",0.0147336979092822
"all","non-hispanic black","[25,30)","se_pr_lost_dad",0.0261604462814565
"all","non-hispanic black","[25,30)","se_pr_lost_both",0.0060252433338532
"all","non-hispanic black","[25,30)","se_mx_lost_none_to_lost_mom",0.0033626834291427
"all","non-hispanic black","[25,30)","se_mx_lost_none_to_lost_dad",0
"all","non-hispanic black","[25,30)","se_mx_lost_none_to_lost_both",0
"all","non-hispanic black","[25,30)","se_mx_lost_dad_to_lost_both",0
"all","non-hispanic black","[25,30)","se_mx_lost_mom_to_lost_both",0
"all","non-hispanic black","[25,30)","se_Lx_lost_mom",7100.99180742572
"all","non-hispanic black","[25,30)","se_Lx_lost_dad",12608.1799604559
"all","non-hispanic black","[25,30)","se_Lx_lost_both",2903.90123476628
"all","non-hispanic black","[25,30)","se_Lx_lost_none",14664.8627455168
"all","non-hispanic black","[25,30)","se_dx_lost_mom_to_dead",16.3330557003121
"all","non-hispanic black","[25,30)","se_dx_lost_dad_to_dead",29.0001891508082
"all","non-hispanic black","[25,30)","se_dx_lost_both_to_dead",6.67928958403308
"all","non-hispanic black","[25,30)","se_dx_lost_none_to_dead",33.7307838898622
"all","non-hispanic black","[30,35)","se_pr_lost_none",0.0358432467359023
"all","non-hispanic black","[30,35)","se_pr_lost_mom",0.0250189478015723
"all","non-hispanic black","[30,35)","se_pr_lost_dad",0.0257627847383559
"all","non-hispanic black","[30,35)","se_pr_lost_both",0.0160192887170257
"all","non-hispanic black","[30,35)","se_mx_lost_none_to_lost_mom",0
"all","non-hispanic black","[30,35)","se_mx_lost_none_to_lost_dad",0.0117706590342292
"all","non-hispanic black","[30,35)","se_mx_lost_none_to_lost_both",0
"all","non-hispanic black","[30,35)","se_mx_lost_dad_to_lost_both",0
"all","non-hispanic black","[30,35)","se_mx_lost_mom_to_lost_both",0
"all","non-hispanic black","[30,35)","se_Lx_lost_mom",11905.9504232321
"all","non-hispanic black","[30,35)","se_Lx_lost_dad",12259.9255688918
"all","non-hispanic black","[30,35)","se_Lx_lost_both",7623.21656342253
"all","non-hispanic black","[30,35)","se_Lx_lost_none",17056.989048057
"all","non-hispanic black","[30,35)","se_dx_lost_mom_to_dead",33.7924364757738
"all","non-hispanic black","[30,35)","se_dx_lost_dad_to_dead",34.7971175132799
"all","non-hispanic black","[30,35)","se_dx_lost_both_to_dead",21.6368330375249
"all","non-hispanic black","[30,35)","se_dx_lost_none_to_dead",48.4125330935119
"all","non-hispanic black","[35,40)","se_pr_lost_none",0.0328647537120106
"all","non-hispanic black","[35,40)","se_pr_lost_mom",0.0134463145301099
"all","non-hispanic black","[35,40)","se_pr_lost_dad",0.0272726783223158
"all","non-hispanic black","[35,40)","se_pr_lost_both",0.0156953102526175
"all","non-hispanic black","[35,40)","se_mx_lost_none_to_lost_mom",0.0100731124428322
"all","non-hispanic black","[35,40)","se_mx_lost_none_to_lost_dad",0.0169871085571131
"all","non-hispanic black","[35,40)","se_mx_lost_none_to_lost_both",0.00296855586861302
"all","non-hispanic black","[35,40)","se_mx_lost_dad_to_lost_both",0.01356183651694
"all","non-hispanic black","[35,40)","se_mx_lost_mom_to_lost_both",0
"all","non-hispanic black","[35,40)","se_Lx_lost_mom",6297.5309864975
"all","non-hispanic black","[35,40)","se_Lx_lost_dad",12773.0566197129
"all","non-hispanic black","[35,40)","se_Lx_lost_both",7350.83969939998
"all","non-hispanic black","[35,40)","se_Lx_lost_none",15392.0841581938
"all","non-hispanic black","[35,40)","se_dx_lost_mom_to_dead",22.5653007296461
"all","non-hispanic black","[35,40)","se_dx_lost_dad_to_dead",45.768391529729
"all","non-hispanic black","[35,40)","se_dx_lost_both_to_dead",26.3395144522561
"all","non-hispanic black","[35,40)","se_dx_lost_none_to_dead",55.1528858897821
"all","non-hispanic black","[40,45)","se_pr_lost_none",0.0376000062172705
"all","non-hispanic black","[40,45)","se_pr_lost_mom",0.0185982848770351
"all","non-hispanic black","[40,45)","se_pr_lost_dad",0.0325134233663554
"all","non-hispanic black","[40,45)","se_pr_lost_both",0.0190832872094829
"all","non-hispanic black","[40,45)","se_mx_lost_none_to_lost_mom",0
"all","non-hispanic black","[40,45)","se_mx_lost_none_to_lost_dad",0.014216981463575
"all","non-hispanic black","[40,45)","se_mx_lost_none_to_lost_both",0
"all","non-hispanic black","[40,45)","se_mx_lost_dad_to_lost_both",0
"all","non-hispanic black","[40,45)","se_mx_lost_mom_to_lost_both",0.048724569875905
"all","non-hispanic black","[40,45)","se_Lx_lost_mom",8533.99272517706
"all","non-hispanic black","[40,45)","se_Lx_lost_dad",14919.0809966404
"all","non-hispanic black","[40,45)","se_Lx_lost_both",8756.54047106703
"all","non-hispanic black","[40,45)","se_Lx_lost_none",17253.1059528513
"all","non-hispanic black","[40,45)","se_dx_lost_mom_to_dead",39.8147142478147
"all","non-hispanic black","[40,45)","se_dx_lost_dad_to_dead",69.6038731048855
"all","non-hispanic black","[40,45)","se_dx_lost_both_to_dead",40.8529943582446
"all","non-hispanic black","[40,45)","se_dx_lost_none_to_dead",80.4930945597675
"all","non-hispanic black","[45,50)","se_pr_lost_none",0.034162665746585
"all","non-hispanic black","[45,50)","se_pr_lost_mom",0.0182636517074412
"all","non-hispanic black","[45,50)","se_pr_lost_dad",0.0286600277575621
"all","non-hispanic black","[45,50)","se_pr_lost_both",0.0214388514898855
"all","non-hispanic black","[45,50)","se_mx_lost_none_to_lost_mom",0.0163637479344667
"all","non-hispanic black","[45,50)","se_mx_lost_none_to_lost_dad",0.0101462910739668
"all","non-hispanic black","[45,50)","se_mx_lost_none_to_lost_both",0
"all","non-hispanic black","[45,50)","se_mx_lost_dad_to_lost_both",0.0288449034790911
"all","non-hispanic black","[45,50)","se_mx_lost_mom_to_lost_both",0
"all","non-hispanic black","[45,50)","se_Lx_lost_mom",8156.50376174
"all","non-hispanic black","[45,50)","se_Lx_lost_dad",12799.5007767743
"all","non-hispanic black","[45,50)","se_Lx_lost_both",9574.54049309264
"all","non-hispanic black","[45,50)","se_Lx_lost_none",15256.9659198853
"all","non-hispanic black","[45,50)","se_dx_lost_mom_to_dead",51.2663022055533
"all","non-hispanic black","[45,50)","se_dx_lost_dad_to_dead",80.4490617634855
"all","non-hispanic black","[45,50)","se_dx_lost_both_to_dead",60.179128305028
"all","non-hispanic black","[45,50)","se_dx_lost_none_to_dead",95.8950364563814
"all","non-hispanic black","[50,55)","se_pr_lost_none",0.0349761702176065
"all","non-hispanic black","[50,55)","se_pr_lost_mom",0.0198752485048247
"all","non-hispanic black","[50,55)","se_pr_lost_dad",0.0335482459050563
"all","non-hispanic black","[50,55)","se_pr_lost_both",0.0284682617543091
"all","non-hispanic black","[50,55)","se_mx_lost_none_to_lost_mom",0.0048624453161685
"all","non-hispanic black","[50,55)","se_mx_lost_none_to_lost_dad",0.0264943809186172
"all","non-hispanic black","[50,55)","se_mx_lost_none_to_lost_both",0
"all","non-hispanic black","[50,55)","se_mx_lost_dad_to_lost_both",0.043161831266035
"all","non-hispanic black","[50,55)","se_mx_lost_mom_to_lost_both",0.0685866902834325
"all","non-hispanic black","[50,55)","se_Lx_lost_mom",8550.41528965406
"all","non-hispanic black","[50,55)","se_Lx_lost_dad",14432.5961337306
"all","non-hispanic black","[50,55)","se_Lx_lost_both",12247.1656399582
"all","non-hispanic black","[50,55)","se_Lx_lost_none",15046.8951635784
"all","non-hispanic black","[50,55)","se_dx_lost_mom_to_dead",76.2977842605749
"all","non-hispanic black","[50,55)","se_dx_lost_dad_to_dead",128.786154686989
"all","non-hispanic black","[50,55)","se_dx_lost_both_to_dead",109.284937648784
"all","non-hispanic black","[50,55)","se_dx_lost_none_to_dead",134.267719413737
"all","non-hispanic black","[55,60)","se_pr_lost_none",0.0228436331286309
"all","non-hispanic black","[55,60)","se_pr_lost_mom",0.0150776821530711
"all","non-hispanic black","[55,60)","se_pr_lost_dad",0.0329106846467839
"all","non-hispanic black","[55,60)","se_pr_lost_both",0.0330678991372525
"all","non-hispanic black","[55,60)","se_mx_lost_none_to_lost_mom",0.0187762299650642
"all","non-hispanic black","[55,60)","se_mx_lost_none_to_lost_dad",0.0595717212964308
"all","non-hispanic black","[55,60)","se_mx_lost_none_to_lost_both",0
"all","non-hispanic black","[55,60)","se_mx_lost_dad_to_lost_both",0.0120527653054599
"all","non-hispanic black","[55,60)","se_mx_lost_mom_to_lost_both",0.0362565113322605
"all","non-hispanic black","[55,60)","se_Lx_lost_mom",6139.70579422545
"all","non-hispanic black","[55,60)","se_Lx_lost_dad",13401.3914848728
"all","non-hispanic black","[55,60)","se_Lx_lost_both",13465.4099930405
"all","non-hispanic black","[55,60)","se_Lx_lost_none",9302.03895115589
"all","non-hispanic black","[55,60)","se_dx_lost_mom_to_dead",82.0233547357165
"all","non-hispanic black","[55,60)","se_dx_lost_dad_to_dead",179.035791706792
"all","non-hispanic black","[55,60)","se_dx_lost_both_to_dead",179.891046499298
"all","non-hispanic black","[55,60)","se_dx_lost_none_to_dead",124.270521459468
"all","non-hispanic black","[60,Inf)","se_pr_lost_none",0.00483341981338312
"all","non-hispanic black","[60,Inf)","se_pr_lost_mom",0.00801189663234023
"all","non-hispanic black","[60,Inf)","se_pr_lost_dad",0.00993233287028748
"all","non-hispanic black","[60,Inf)","se_pr_lost_both",0.0117576261599134
"all","non-hispanic black","[60,Inf)","se_mx_lost_none_to_lost_mom",0.0338590571476365
"all","non-hispanic black","[60,Inf)","se_mx_lost_none_to_lost_dad",0.0408855228599696
"all","non-hispanic black","[60,Inf)","se_mx_lost_none_to_lost_both",0
"all","non-hispanic black","[60,Inf)","se_mx_lost_dad_to_lost_both",0.0197031767970144
"all","non-hispanic black","[60,Inf)","se_mx_lost_mom_to_lost_both",0.0318025261843028
"all","non-hispanic black","[60,Inf)","se_Lx_lost_mom",12219.6439093491
"all","non-hispanic black","[60,Inf)","se_Lx_lost_dad",15148.6690896791
"all","non-hispanic black","[60,Inf)","se_Lx_lost_both",17932.5834426577
"all","non-hispanic black","[60,Inf)","se_Lx_lost_none",7371.8710680223
"all","non-hispanic black","[60,Inf)","se_dx_lost_mom_to_dead",629.512989429572
"all","non-hispanic black","[60,Inf)","se_dx_lost_dad_to_dead",780.406044175079
"all","non-hispanic black","[60,Inf)","se_dx_lost_both_to_dead",923.823500498719
"all","non-hispanic black","[60,Inf)","se_dx_lost_none_to_dead",379.772817288854
"all","non-hispanic white","[0,5)","se_pr_lost_none",0.0024564256898073
"all","non-hispanic white","[0,5)","se_pr_lost_mom",0.00245642568980727
"all","non-hispanic white","[0,5)","se_pr_lost_dad",0
"all","non-hispanic white","[0,5)","se_pr_lost_both",0
"all","non-hispanic white","[0,5)","se_mx_lost_none_to_lost_mom",0
"all","non-hispanic white","[0,5)","se_mx_lost_none_to_lost_dad",0.000339187438528326
"all","non-hispanic white","[0,5)","se_mx_lost_none_to_lost_both",0
"all","non-hispanic white","[0,5)","se_mx_lost_dad_to_lost_both",NA
"all","non-hispanic white","[0,5)","se_mx_lost_mom_to_lost_both",0
"all","non-hispanic white","[0,5)","se_Lx_lost_mom",1222.49359502804
"all","non-hispanic white","[0,5)","se_Lx_lost_dad",0
"all","non-hispanic white","[0,5)","se_Lx_lost_both",0
"all","non-hispanic white","[0,5)","se_Lx_lost_none",1222.49359502805
"all","non-hispanic white","[0,5)","se_dx_lost_mom_to_dead",1.27718619693836
"all","non-hispanic white","[0,5)","se_dx_lost_dad_to_dead",0
"all","non-hispanic white","[0,5)","se_dx_lost_both_to_dead",0
"all","non-hispanic white","[0,5)","se_dx_lost_none_to_dead",1.27718619693838
"all","non-hispanic white","[5,10)","se_pr_lost_none",0.00372548440157229
"all","non-hispanic white","[5,10)","se_pr_lost_mom",0.00321504095832909
"all","non-hispanic white","[5,10)","se_pr_lost_dad",0.00193621766737747
"all","non-hispanic white","[5,10)","se_pr_lost_both",0
"all","non-hispanic white","[5,10)","se_mx_lost_none_to_lost_mom",0
"all","non-hispanic white","[5,10)","se_mx_lost_none_to_lost_dad",0.000948689334138007
"all","non-hispanic white","[5,10)","se_mx_lost_none_to_lost_both",0
"all","non-hispanic white","[5,10)","se_mx_lost_dad_to_lost_both",0
"all","non-hispanic white","[5,10)","se_mx_lost_mom_to_lost_both",0
"all","non-hispanic white","[5,10)","se_Lx_lost_mom",1598.74321640824
"all","non-hispanic white","[5,10)","se_Lx_lost_dad",962.822838443188
"all","non-hispanic white","[5,10)","se_Lx_lost_both",0
"all","non-hispanic white","[5,10)","se_Lx_lost_none",1852.57139552708
"all","non-hispanic white","[5,10)","se_dx_lost_mom_to_dead",0.157229384945654
"all","non-hispanic white","[5,10)","se_dx_lost_dad_to_dead",0.0946894042435109
"all","non-hispanic white","[5,10)","se_dx_lost_both_to_dead",0
"all","non-hispanic white","[5,10)","se_dx_lost_none_to_dead",0.182192273341446
"all","non-hispanic white","[10,15)","se_pr_lost_none",0.00370792979172058
"all","non-hispanic white","[10,15)","se_pr_lost_mom",0.00186504936835879
"all","non-hispanic white","[10,15)","se_pr_lost_dad",0.00319142423785944
"all","non-hispanic white","[10,15)","se_pr_lost_both",0
"all","non-hispanic white","[10,15)","se_mx_lost_none_to_lost_mom",0
"all","non-hispanic white","[10,15)","se_mx_lost_none_to_lost_dad",0.00193818717821246
"all","non-hispanic white","[10,15)","se_mx_lost_none_to_lost_both",0
"all","non-hispanic white","[10,15)","se_mx_lost_dad_to_lost_both",0.0272239328736672
"all","non-hispanic white","[10,15)","se_mx_lost_mom_to_lost_both",0
"all","non-hispanic white","[10,15)","se_Lx_lost_mom",926.942489425009
"all","non-hispanic white","[10,15)","se_Lx_lost_dad",1586.16001165479
"all","non-hispanic white","[10,15)","se_Lx_lost_both",0
"all","non-hispanic white","[10,15)","se_Lx_lost_none",1842.86685921626
"all","non-hispanic white","[10,15)","se_dx_lost_mom_to_dead",0.141540181981928
"all","non-hispanic white","[10,15)","se_dx_lost_dad_to_dead",0.242199898336023
"all","non-hispanic white","[10,15)","se_dx_lost_both_to_dead",0
"all","non-hispanic white","[10,15)","se_dx_lost_none_to_dead",0.281397943882943
"all","non-hispanic white","[15,20)","se_pr_lost_none",0.00571074443063122
"all","non-hispanic white","[15,20)","se_pr_lost_mom",0.00253589405071182
"all","non-hispanic white","[15,20)","se_pr_lost_dad",0.0051133687725787
"all","non-hispanic white","[15,20)","se_pr_lost_both",0.0006308347531882
"all","non-hispanic white","[15,20)","se_mx_lost_none_to_lost_mom",0
"all","non-hispanic white","[15,20)","se_mx_lost_none_to_lost_dad",0.00122742398346834
"all","non-hispanic white","[15,20)","se_mx_lost_none_to_lost_both",0
"all","non-hispanic white","[15,20)","se_mx_lost_dad_to_lost_both",0
"all","non-hispanic white","[15,20)","se_mx_lost_mom_to_lost_both",0
"all","non-hispanic white","[15,20)","se_Lx_lost_mom",1258.43655095216
"all","non-hispanic white","[15,20)","se_Lx_lost_dad",2537.50749567166
"all","non-hispanic white","[15,20)","se_Lx_lost_both",313.051529420198
"all","non-hispanic white","[15,20)","se_Lx_lost_none",2833.95496063234
"all","non-hispanic white","[15,20)","se_dx_lost_mom_to_dead",0.618881700462671
"all","non-hispanic white","[15,20)","se_dx_lost_dad_to_dead",1.24791111055209
"all","non-hispanic white","[15,20)","se_dx_lost_both_to_dead",0.153954414875683
"all","non-hispanic white","[15,20)","se_dx_lost_none_to_dead",1.39369987604361
"all","non-hispanic white","[20,25)","se_pr_lost_none",0.00763412457906363
"all","non-hispanic white","[20,25)","se_pr_lost_mom",0.00318100628442515
"all","non-hispanic white","[20,25)","se_pr_lost_dad",0.00635843463619466
"all","non-hispanic white","[20,25)","se_pr_lost_both",0.00154732568336637
"all","non-hispanic white","[20,25)","se_mx_lost_none_to_lost_mom",0.00126359654166153
"all","non-hispanic white","[20,25)","se_mx_lost_none_to_lost_dad",0.00140533560250562
"all","non-hispanic white","[20,25)","se_mx_lost_none_to_lost_both",0
"all","non-hispanic white","[20,25)","se_mx_lost_dad_to_lost_both",0
"all","non-hispanic white","[20,25)","se_mx_lost_mom_to_lost_both",0
"all","non-hispanic white","[20,25)","se_Lx_lost_mom",1572.94473307089
"all","non-hispanic white","[20,25)","se_Lx_lost_dad",3144.12024916365
"all","non-hispanic white","[20,25)","se_Lx_lost_both",765.12196656546
"all","non-hispanic white","[20,25)","se_Lx_lost_none",3774.92371110333
"all","non-hispanic white","[20,25)","se_dx_lost_mom_to_dead",1.47859269481817
"all","non-hispanic white","[20,25)","se_dx_lost_dad_to_dead",2.95552229795586
"all","non-hispanic white","[20,25)","se_dx_lost_both_to_dead",0.719226636907917
"all","non-hispanic white","[20,25)","se_dx_lost_none_to_dead",3.54848743594204
"all","non-hispanic white","[25,30)","se_pr_lost_none",0.00750389517762241
"all","non-hispanic white","[25,30)","se_pr_lost_mom",0.0047086571158776
"all","non-hispanic white","[25,30)","se_pr_lost_dad",0.00628393732722474
"all","non-hispanic white","[25,30)","se_pr_lost_both",0.000950500480781817
"all","non-hispanic white","[25,30)","se_mx_lost_none_to_lost_mom",0.000372455449103145
"all","non-hispanic white","[25,30)","se_mx_lost_none_to_lost_dad",0.00118397169852461
"all","non-hispanic white","[25,30)","se_mx_lost_none_to_lost_both",0
"all","non-hispanic white","[25,30)","se_mx_lost_dad_to_lost_both",0.010094754273942
"all","non-hispanic white","[25,30)","se_mx_lost_mom_to_lost_both",0
"all","non-hispanic white","[25,30)","se_Lx_lost_mom",2315.03871366348
"all","non-hispanic white","[25,30)","se_Lx_lost_dad",3089.53441050228
"all","non-hispanic white","[25,30)","se_Lx_lost_both",467.319101011995
"all","non-hispanic white","[25,30)","se_Lx_lost_none",3689.33379771714
"all","non-hispanic white","[25,30)","se_dx_lost_mom_to_dead",3.12097806174571
"all","non-hispanic white","[25,30)","se_dx_lost_dad_to_dead",4.1651005917423
"all","non-hispanic white","[25,30)","se_dx_lost_both_to_dead",0.630007892950154
"all","non-hispanic white","[25,30)","se_dx_lost_none_to_dead",4.97370941452253
"all","non-hispanic white","[30,35)","se_pr_lost_none",0.00803402176940894
"all","non-hispanic white","[30,35)","se_pr_lost_mom",0.00557796927900973
"all","non-hispanic white","[30,35)","se_pr_lost_dad",0.00626605923287195
"all","non-hispanic white","[30,35)","se_pr_lost_both",0.00222943472264362
"all","non-hispanic white","[30,35)","se_mx_lost_none_to_lost_mom",0.00206469612363641
"all","non-hispanic white","[30,35)","se_mx_lost_none_to_lost_dad",0.00186676286691904
"all","non-hispanic white","[30,35)","se_mx_lost_none_to_lost_both",0
"all","non-hispanic white","[30,35)","se_mx_lost_dad_to_lost_both",0.0124684690663975
"all","non-hispanic white","[30,35)","se_mx_lost_mom_to_lost_both",0
"all","non-hispanic white","[30,35)","se_Lx_lost_mom",2720.97742796479
"all","non-hispanic white","[30,35)","se_Lx_lost_dad",3056.63313691857
"all","non-hispanic white","[30,35)","se_Lx_lost_both",1087.53584933891
"all","non-hispanic white","[30,35)","se_Lx_lost_none",3919.05921257071
"all","non-hispanic white","[30,35)","se_dx_lost_mom_to_dead",4.89080756942168
"all","non-hispanic white","[30,35)","se_dx_lost_dad_to_dead",5.49413028176724
"all","non-hispanic white","[30,35)","se_dx_lost_both_to_dead",1.95478599318723
"all","non-hispanic white","[30,35)","se_dx_lost_none_to_dead",7.04429381326739
"all","non-hispanic white","[35,40)","se_pr_lost_none",0.00971783123091003
"all","non-hispanic white","[35,40)","se_pr_lost_mom",0.00581990229916819
"all","non-hispanic white","[35,40)","se_pr_lost_dad",0.00749162629194766
"all","non-hispanic white","[35,40)","se_pr_lost_both",0.00257102355772331
"all","non-hispanic white","[35,40)","se_mx_lost_none_to_lost_mom",0.00213955284596079
"all","non-hispanic white","[35,40)","se_mx_lost_none_to_lost_dad",0.0021098371308373
"all","non-hispanic white","[35,40)","se_mx_lost_none_to_lost_both",0.000510757434735236
"all","non-hispanic white","[35,40)","se_mx_lost_dad_to_lost_both",0
"all","non-hispanic white","[35,40)","se_mx_lost_mom_to_lost_both",0.0158443451428708
"all","non-hispanic white","[35,40)","se_Lx_lost_mom",2810.55499334003
"all","non-hispanic white","[35,40)","se_Lx_lost_dad",3617.86617725186
"all","non-hispanic white","[35,40)","se_Lx_lost_both",1241.60213122253
"all","non-hispanic white","[35,40)","se_Lx_lost_none",4692.94804044623
"all","non-hispanic white","[35,40)","se_dx_lost_mom_to_dead",6.25981688162922
"all","non-hispanic white","[35,40)","se_dx_lost_dad_to_dead",8.05790309227251
"all","non-hispanic white","[35,40)","se_dx_lost_both_to_dead",2.76536200135233
"all","non-hispanic white","[35,40)","se_dx_lost_none_to_dead",10.452382336516
"all","non-hispanic white","[40,45)","se_pr_lost_none",0.0115700811739789
"all","non-hispanic white","[40,45)","se_pr_lost_mom",0.00546239046375548
"all","non-hispanic white","[40,45)","se_pr_lost_dad",0.0107412602403911
"all","non-hispanic white","[40,45)","se_pr_lost_both",0.00444521006267999
"all","non-hispanic white","[40,45)","se_mx_lost_none_to_lost_mom",0.00207402394286471
"all","non-hispanic white","[40,45)","se_mx_lost_none_to_lost_dad",0.00284626194812348
"all","non-hispanic white","[40,45)","se_mx_lost_none_to_lost_both",0
"all","non-hispanic white","[40,45)","se_mx_lost_dad_to_lost_both",0
"all","non-hispanic white","[40,45)","se_mx_lost_mom_to_lost_both",0.0167458957663025
"all","non-hispanic white","[40,45)","se_Lx_lost_mom",2605.59567139953
"all","non-hispanic white","[40,45)","se_Lx_lost_dad",5123.65078502594
"all","non-hispanic white","[40,45)","se_Lx_lost_both",2120.39402430736
"all","non-hispanic white","[40,45)","se_Lx_lost_none",5519.00374473306
"all","non-hispanic white","[40,45)","se_dx_lost_mom_to_dead",7.15312466968788
"all","non-hispanic white","[40,45)","se_dx_lost_dad_to_dead",14.0659248215396
"all","non-hispanic white","[40,45)","se_dx_lost_both_to_dead",5.8211037772353
"all","non-hispanic white","[40,45)","se_dx_lost_none_to_dead",15.1512847031041
"all","non-hispanic white","[45,50)","se_pr_lost_none",0.0142322575536184
"all","non-hispanic white","[45,50)","se_pr_lost_mom",0.00874116026248718
"all","non-hispanic white","[45,50)","se_pr_lost_dad",0.0117715409955364
"all","non-hispanic white","[45,50)","se_pr_lost_both",0.00779968772215497
"all","non-hispanic white","[45,50)","se_mx_lost_none_to_lost_mom",0.00312978011686279
"all","non-hispanic white","[45,50)","se_mx_lost_none_to_lost_dad",0.00420612406092489
"all","non-hispanic white","[45,50)","se_mx_lost_none_to_lost_both",0.00127682731383125
"all","non-hispanic white","[45,50)","se_mx_lost_dad_to_lost_both",0.0108965098786261
"all","non-hispanic white","[45,50)","se_mx_lost_mom_to_lost_both",0.0169369971429182
"all","non-hispanic white","[45,50)","se_Lx_lost_mom",4103.73361013705
"all","non-hispanic white","[45,50)","se_Lx_lost_dad",5526.41376841015
"all","non-hispanic white","[45,50)","se_Lx_lost_both",3661.73822385373
"all","non-hispanic white","[45,50)","se_Lx_lost_none",6681.65231125649
"all","non-hispanic white","[45,50)","se_dx_lost_mom_to_dead",15.2565257665347
"all","non-hispanic white","[45,50)","se_dx_lost_dad_to_dead",20.5456499042748
"all","non-hispanic white","[45,50)","se_dx_lost_both_to_dead",13.6133114061133
"all","non-hispanic white","[45,50)","se_dx_lost_none_to_dead",24.8405014394456
"all","non-hispanic white","[50,55)","se_pr_lost_none",0.0127157506483506
"all","non-hispanic white","[50,55)","se_pr_lost_mom",0.00744333274530168
"all","non-hispanic white","[50,55)","se_pr_lost_dad",0.011377968277322
"all","non-hispanic white","[50,55)","se_pr_lost_both",0.0103158594720727
"all","non-hispanic white","[50,55)","se_mx_lost_none_to_lost_mom",0.00300581103117052
"all","non-hispanic white","[50,55)","se_mx_lost_none_to_lost_dad",0.00614282930797632
"all","non-hispanic white","[50,55)","se_mx_lost_none_to_lost_both",0.0017917683889712
"all","non-hispanic white","[50,55)","se_mx_lost_dad_to_lost_both",0.00878776179426718
"all","non-hispanic white","[50,55)","se_mx_lost_mom_to_lost_both",0.0110620401975092
"all","non-hispanic white","[50,55)","se_Lx_lost_mom",3417.05379515308
"all","non-hispanic white","[50,55)","se_Lx_lost_dad",5223.34967594932
"all","non-hispanic white","[50,55)","se_Lx_lost_both",4735.76124640699
"all","non-hispanic white","[50,55)","se_Lx_lost_none",5837.49316307176
"all","non-hispanic white","[50,55)","se_dx_lost_mom_to_dead",18.4375047872112
"all","non-hispanic white","[50,55)","se_dx_lost_dad_to_dead",28.1837923629409
"all","non-hispanic white","[50,55)","se_dx_lost_both_to_dead",25.5528961164062
"all","non-hispanic white","[50,55)","se_dx_lost_none_to_dead",31.4975457196823
"all","non-hispanic white","[55,60)","se_pr_lost_none",0.00926704553390847
"all","non-hispanic white","[55,60)","se_pr_lost_mom",0.007467597226057
"all","non-hispanic white","[55,60)","se_pr_lost_dad",0.0118469210848558
"all","non-hispanic white","[55,60)","se_pr_lost_both",0.0114354348249352
"all","non-hispanic white","[55,60)","se_mx_lost_none_to_lost_mom",0.00727899501990838
"all","non-hispanic white","[55,60)","se_mx_lost_none_to_lost_dad",0.010317300335531
"all","non-hispanic white","[55,60)","se_mx_lost_none_to_lost_both",0.00212601939115479
"all","non-hispanic white","[55,60)","se_mx_lost_dad_to_lost_both",0.00907164144304715
"all","non-hispanic white","[55,60)","se_mx_lost_mom_to_lost_both",0.0195590584246637
"all","non-hispanic white","[55,60)","se_Lx_lost_mom",3315.71981499219
"all","non-hispanic white","[55,60)","se_Lx_lost_dad",5260.20215051771
"all","non-hispanic white","[55,60)","se_Lx_lost_both",5077.49637457484
"all","non-hispanic white","[55,60)","se_Lx_lost_none",4114.70056204939
"all","non-hispanic white","[55,60)","se_dx_lost_mom_to_dead",26.8312978894151
"all","non-hispanic white","[55,60)","se_dx_lost_dad_to_dead",42.5663381510464
"all","non-hispanic white","[55,60)","se_dx_lost_both_to_dead",41.0878558383147
"all","non-hispanic white","[55,60)","se_dx_lost_none_to_dead",33.2967689268856
"all","non-hispanic white","[60,Inf)","se_pr_lost_none",0.00187329100620378
"all","non-hispanic white","[60,Inf)","se_pr_lost_mom",0.00178591561334636
"all","non-hispanic white","[60,Inf)","se_pr_lost_dad",0.00345196292706003
"all","non-hispanic white","[60,Inf)","se_pr_lost_both",0.00390682484641787
"all","non-hispanic white","[60,Inf)","se_mx_lost_none_to_lost_mom",0.00997457884703942
"all","non-hispanic white","[60,Inf)","se_mx_lost_none_to_lost_dad",0.0140511949457534
"all","non-hispanic white","[60,Inf)","se_mx_lost_none_to_lost_both",0.00706886881363066
"all","non-hispanic white","[60,Inf)","se_mx_lost_dad_to_lost_both",0.00839451075570927
"all","non-hispanic white","[60,Inf)","se_mx_lost_mom_to_lost_both",0.0205473558058106
"all","non-hispanic white","[60,Inf)","se_Lx_lost_mom",3474.21153424963
"all","non-hispanic white","[60,Inf)","se_Lx_lost_dad",6715.23857419135
"all","non-hispanic white","[60,Inf)","se_Lx_lost_both",7600.09926688829
"all","non-hispanic white","[60,Inf)","se_Lx_lost_none",3644.18630540136
"all","non-hispanic white","[60,Inf)","se_dx_lost_mom_to_dead",155.207174597574
"all","non-hispanic white","[60,Inf)","se_dx_lost_dad_to_dead",299.997048416336
"all","non-hispanic white","[60,Inf)","se_dx_lost_both_to_dead",339.527378297531
"all","non-hispanic white","[60,Inf)","se_dx_lost_none_to_dead",162.800639682602
